{"test_mae": 0.07492903223878508, "test_mse": 0.00978245789269593, "test_r2": 0.9166844272550373, "train_mae": 0.0036429634249843306, "train_mse": 5.346822675700442e-05, "train_r2": 0.9996412486785039}